-- Active: 1670253012058@@127.0.0.1@54320@postgres@zssncleanarch
insert into zssncleanarch.inventory(id, water, food, medication, ammunition) values
(1, 32, 31, 49, 48),
(2, 53, 49, 42, 49),
(3, 49, 53, 51, 59),
(4, 42, 40, 54, 51),
(5, 46, 50, 59, 59),
(6, 35, 32, 35, 32),
(7, 31, 60, 55, 54),
(8, 57, 51, 35, 41),
(9, 37, 54, 45, 40),
(10, 54, 44, 44, 53),
(11, 48, 31, 53, 58),
(12, 37, 45, 59, 44),
(13, 59, 57, 44, 50),
(14, 58, 34, 57, 50),
(15, 60, 40, 59, 53),
(16, 42, 42, 50, 46),
(17, 54, 46, 54, 50),
(18, 31, 49, 35, 40),
(19, 31, 52, 32, 57),
(20, 53, 32, 30, 47),
(21, 38, 58, 34, 46),
(22, 45, 45, 44, 59),
(23, 52, 46, 52, 30),
(24, 53, 51, 33, 35),
(25, 60, 47, 40, 36),
(26, 36, 59, 56, 55),
(27, 45, 30, 32, 49),
(28, 42, 57, 42, 36),
(29, 53, 32, 33, 51),
(30, 40, 35, 54, 46);

insert into zssncleanarch.local(id, coordinates) values
(1, POINT(42.546245, 1.601554)),
(2, POINT(23.424076, 53.847818)),
(3, POINT(33.93911, 67.709953)),
(4, POINT(17.060816, -61.796428)),
(5, POINT(18.220554, -63.068615)),
(6, POINT(41.153332, 20.168331)),
(7, POINT(40.069099, 45.038189)),
(8, POINT(12.226079, -69.060087)),
(9, POINT(-11.202692, 17.873887)),
(10, POINT(-75.250973, -0.071389)),
(11, POINT(-38.416097, -63.616672)),
(12, POINT(-14.270972, -170.132217)),
(13, POINT(47.516231, 14.550072)),
(14, POINT(-25.274398, 133.775136)),
(15, POINT(12.52111, -69.968338)),
(16, POINT(40.143105, 47.576927)),
(17, POINT(43.915886, 17.679076)),
(18, POINT(13.193887, -59.543198)),
(19, POINT(23.684994, 90.356331)),
(20, POINT(50.503887, 4.469936)),
(21, POINT(12.238333, -1.561593)),
(22, POINT(42.733883, 25.48583)),
(23, POINT(25.930414, 50.637772)),
(24, POINT(-3.373056, 29.918886)),
(25, POINT(9.30769, 2.315834)),
(26, POINT(32.321384, -64.75737)),
(27, POINT(4.535277, 114.727669)),
(28, POINT(-16.290154, -63.588653)),
(29, POINT(-14.235004, -51.92528)),
(30, POINT(25.03428, -77.39628));


insert into zssncleanarch.survivor(id, name, age, sex, infected, complaints, inventory_id, local_id) values
(1, 'Survivor 1', 45, 'F', false, 2, 1, 1),
(2, 'Survivor 2', 40, 'F', false, 1, 2, 2),
(3, 'Survivor 3', 19, 'M', false, 2, 3, 3),
(4, 'Survivor 4', 47, 'M', false, 2, 4, 4),
(5, 'Survivor 5', 22, 'M', true, 3, 5, 5),
(6, 'Survivor 6', 49, 'M', true, 3, 6, 6),
(7, 'Survivor 7', 47, 'F', true, 3, 7, 7),
(8, 'Survivor 8', 36, 'M', false, 2, 8, 8),
(9, 'Survivor 9', 26, 'M', false, 1, 9, 9),
(10, 'Survivor 10', 29, 'F', true, 3, 10, 10),
(11, 'Survivor 11', 42, 'M', false, 2, 11, 11),
(12, 'Survivor 12', 22, 'M', false, 3, 12, 12),
(13, 'Survivor 13', 28, 'F', false, 3, 13, 13),
(14, 'Survivor 14', 20, 'M', true, 3, 14, 14),
(15, 'Survivor 15', 42, 'M', false, 2, 15, 15),
(16, 'Survivor 16', 24, 'M', true, 3, 16, 16),
(17, 'Survivor 17', 49, 'F', true, 3, 17, 17),
(18, 'Survivor 18', 30, 'M', false, 3, 18, 18),
(19, 'Survivor 19', 48, 'F', false, 1, 19, 19),
(20, 'Survivor 20', 18, 'F', false, 1, 20, 20),
(21, 'Survivor 21', 40, 'F', true, 3, 21, 21),
(22, 'Survivor 22', 29, 'M', true, 3, 22, 22),
(23, 'Survivor 23', 39, 'M', true, 3, 23, 23),
(24, 'Survivor 24', 42, 'M', false, 3, 24, 24),
(25, 'Survivor 25', 43, 'M', true, 3, 25, 25),
(26, 'Survivor 26', 44, 'M', false, 2, 26, 26),
(27, 'Survivor 27', 50, 'M', false, 1, 27, 27),
(28, 'Survivor 28', 44, 'M', false, 0, 28, 28),
(29, 'Survivor 29', 19, 'F', false, 3, 29, 29),
(30, 'Survivor 30', 35, 'F', false, 2, 30, 30);